class,precision,recall,f1-score,support
0,0.828125,0.9298245614035088,0.8760330578512396,57.0
1,0.92,0.8070175438596491,0.8598130841121495,57.0
accuracy,0.868421052631579,0.868421052631579,0.868421052631579,0.868421052631579
macro avg,0.8740625,0.868421052631579,0.8679230709816945,114.0
weighted avg,0.8740625,0.868421052631579,0.8679230709816945,114.0
