class,precision,recall,f1-score,support
0,0.9183673469387755,0.8333333333333334,0.8737864077669902,54.0
1,0.8448275862068966,0.9245283018867925,0.8828828828828829,53.0
accuracy,0.8785046728971962,0.8785046728971962,0.8785046728971962,0.8785046728971962
macro avg,0.8815974665728361,0.878930817610063,0.8783346453249365,107.0
weighted avg,0.8819411103145738,0.8785046728971962,0.8782921384318716,107.0
