class,precision,recall,f1-score,support
0,0.8225806451612904,0.9444444444444444,0.8793103448275862,54.0
1,0.9333333333333333,0.7924528301886793,0.8571428571428571,53.0
accuracy,0.8691588785046729,0.8691588785046729,0.8691588785046729,0.8691588785046729
macro avg,0.8779569892473118,0.8684486373165619,0.8682266009852216,107.0
weighted avg,0.8774394533212743,0.8691588785046729,0.8683301873762717,107.0
