class,precision,recall,f1-score,support
0,0.881578947368421,0.9436619718309859,0.9115646258503401,71.0
1,0.9393939393939394,0.8732394366197183,0.9051094890510949,71.0
accuracy,0.9084507042253521,0.9084507042253521,0.9084507042253521,0.9084507042253521
macro avg,0.9104864433811802,0.908450704225352,0.9083370574507175,142.0
weighted avg,0.9104864433811803,0.9084507042253521,0.9083370574507176,142.0
