class,precision,recall,f1-score,support
0,0.88,0.9850746268656716,0.9295774647887324,67.0
1,0.9830508474576272,0.8656716417910447,0.9206349206349206,67.0
accuracy,0.9253731343283582,0.9253731343283582,0.9253731343283582,0.9253731343283582
macro avg,0.9315254237288135,0.9253731343283582,0.9251061927118265,134.0
weighted avg,0.9315254237288135,0.9253731343283582,0.9251061927118265,134.0
