class,precision,recall,f1-score,support
0,0.9014084507042254,0.9014084507042254,0.9014084507042254,71.0
1,0.9014084507042254,0.9014084507042254,0.9014084507042254,71.0
accuracy,0.9014084507042254,0.9014084507042254,0.9014084507042254,0.9014084507042254
macro avg,0.9014084507042254,0.9014084507042254,0.9014084507042254,142.0
weighted avg,0.9014084507042254,0.9014084507042254,0.9014084507042254,142.0
