class,precision,recall,f1-score,support
0,0.8709677419354839,0.9473684210526315,0.907563025210084,57.0
1,0.9423076923076923,0.8596491228070176,0.8990825688073395,57.0
accuracy,0.9035087719298246,0.9035087719298246,0.9035087719298246,0.9035087719298246
macro avg,0.906637717121588,0.9035087719298245,0.9033227970087118,114.0
weighted avg,0.9066377171215881,0.9035087719298246,0.9033227970087118,114.0
