class,precision,recall,f1-score,support
0,0.8620689655172413,0.9259259259259259,0.8928571428571429,54.0
1,0.9183673469387755,0.8490566037735849,0.8823529411764706,53.0
accuracy,0.8878504672897196,0.8878504672897196,0.8878504672897196,0.8878504672897196
macro avg,0.8902181562280085,0.8874912648497555,0.8876050420168067,107.0
weighted avg,0.8899550796793096,0.8878504672897196,0.8876541270713892,107.0
