class,precision,recall,f1-score,support
0,0.9122807017543859,0.9629629629629629,0.9369369369369369,54.0
1,0.96,0.9056603773584906,0.9320388349514563,53.0
accuracy,0.9345794392523364,0.9345794392523364,0.9345794392523364,0.9345794392523364
macro avg,0.9361403508771929,0.9343116701607268,0.9344878859441966,107.0
weighted avg,0.9359173635022136,0.9345794392523364,0.9345107742712316,107.0
