class,precision,recall,f1-score,support
0,0.8823529411764706,0.8333333333333334,0.8571428571428571,54.0
1,0.8392857142857143,0.8867924528301887,0.8623853211009175,53.0
accuracy,0.8598130841121495,0.8598130841121495,0.8598130841121495,0.8598130841121495
macro avg,0.8608193277310925,0.8600628930817611,0.8597640891218873,107.0
weighted avg,0.8610205764548812,0.8598130841121495,0.8597395916267562,107.0
