class,precision,recall,f1-score,support
0,0.868421052631579,0.9850746268656716,0.9230769230769231,67.0
1,0.9827586206896551,0.8507462686567164,0.912,67.0
accuracy,0.917910447761194,0.917910447761194,0.917910447761194,0.917910447761194
macro avg,0.925589836660617,0.917910447761194,0.9175384615384616,134.0
weighted avg,0.925589836660617,0.917910447761194,0.9175384615384616,134.0
