class,precision,recall,f1-score,support
0,0.875,0.9074074074074074,0.8909090909090909,54.0
1,0.9019607843137255,0.8679245283018868,0.8846153846153846,53.0
accuracy,0.8878504672897196,0.8878504672897196,0.8878504672897196,0.8878504672897196
macro avg,0.8884803921568627,0.8876659678546471,0.8877622377622377,107.0
weighted avg,0.8883544071834342,0.8878504672897196,0.8877916476047316,107.0
