loss,grad_norm,learning_rate,epoch,step,eval_loss,eval_accuracy,eval_precision,eval_recall,eval_f1,eval_runtime,eval_samples_per_second,eval_steps_per_second,train_runtime,train_samples_per_second,train_steps_per_second,total_flos,train_loss
0.6796,14.286785125732422,1.802985074626866e-05,1.0,67,,,,,,,,,,,,,
,,,1.0,67,0.5335896015167236,0.7835820895522388,0.9523809523809523,0.5970149253731343,0.7339449541284404,0.8619,155.478,19.725,,,,,
0.3221,7.27072811126709,1.6029850746268658e-05,2.0,134,,,,,,,,,,,,,
,,,2.0,134,0.3163626492023468,0.9253731343283582,0.9830508474576272,0.8656716417910447,0.9206349206349206,0.8618,155.497,19.727,,,,,
0.1096,0.12178973108530045,1.4029850746268658e-05,3.0,201,,,,,,,,,,,,,
,,,3.0,201,0.3449111580848694,0.9328358208955224,0.953125,0.9104477611940298,0.9312977099236641,0.8806,152.174,19.306,,,,,
0.0465,0.050173256546258926,1.2029850746268659e-05,4.0,268,,,,,,,,,,,,,
,,,4.0,268,0.5257242321968079,0.8955223880597015,0.9818181818181818,0.8059701492537313,0.8852459016393442,0.8535,157.003,19.918,,,,,
,,,4.0,268,,,,,,,,,96.7599,55.188,6.924,304053602240160.0,0.28945051467240746
