loss,grad_norm,learning_rate,epoch,step,eval_loss,eval_accuracy,eval_precision,eval_recall,eval_f1,eval_runtime,eval_samples_per_second,eval_steps_per_second,train_runtime,train_samples_per_second,train_steps_per_second,total_flos,train_loss
0.6795,12.560542106628418,1.802985074626866e-05,1.0,67,,,,,,,,,,,,,
,,,1.0,67,0.5278305411338806,0.7835820895522388,0.9318181818181818,0.6119402985074627,0.7387387387387387,0.8599,155.837,19.77,,,,,
0.3289,4.364485263824463,1.6029850746268658e-05,2.0,134,,,,,,,,,,,,,
,,,2.0,134,0.2872696816921234,0.917910447761194,0.9827586206896551,0.8507462686567164,0.912,0.8624,155.374,19.712,,,,,
0.1071,0.1203588917851448,1.4029850746268658e-05,3.0,201,,,,,,,,,,,,,
,,,3.0,201,0.405634343624115,0.9253731343283582,0.9523809523809523,0.8955223880597015,0.9230769230769231,0.8701,154.006,19.538,,,,,
0.0536,0.04294672608375549,1.2029850746268659e-05,4.0,268,,,,,,,,,,,,,
,,,4.0,268,0.45471736788749695,0.9253731343283582,0.9830508474576272,0.8656716417910447,0.9206349206349206,0.8728,153.532,19.478,,,,,
,,,4.0,268,,,,,,,,,91.72,58.221,7.305,304053602240160.0,0.29228475111633984
