loss,grad_norm,learning_rate,epoch,step,eval_loss,eval_accuracy,eval_precision,eval_recall,eval_f1,eval_runtime,eval_samples_per_second,eval_steps_per_second,train_runtime,train_samples_per_second,train_steps_per_second,total_flos,train_loss
0.7079,19.871519088745117,1.803703703703704e-05,1.0,54,,,,,,,,,,,,,
,,,1.0,54,0.6737910509109497,0.5981308411214953,0.8571428571428571,0.22641509433962265,0.3582089552238806,0.8929,119.829,15.679,,,,,
0.5323,6.3541259765625,1.6037037037037038e-05,2.0,108,,,,,,,,,,,,,
,,,2.0,108,0.382412314414978,0.8411214953271028,0.875,0.7924528301886793,0.8316831683168316,0.9194,116.375,15.227,,,,,
0.2496,2.364588737487793,1.4037037037037038e-05,3.0,162,,,,,,,,,,,,,
,,,3.0,162,0.39764371514320374,0.8691588785046729,0.9148936170212766,0.8113207547169812,0.86,1.0156,105.357,13.785,,,,,
0.1208,0.23343484103679657,1.2037037037037039e-05,4.0,216,,,,,,,,,,,,,
,,,4.0,216,0.4051986634731293,0.9158878504672897,0.9230769230769231,0.9056603773584906,0.9142857142857143,1.0092,106.02,13.872,,,,,
,,,4.0,216,,,,,,,,,70.5559,60.236,7.654,183458294460000.0,0.4026681824966713
