class,precision,recall,f1-score,support
0,0.8405797101449275,0.8169014084507042,0.8285714285714286,71.0
1,0.8194444444444444,0.8428571428571429,0.8309859154929577,70.0
accuracy,0.8297872340425532,0.8297872340425532,0.8297872340425532,0.8297872340425532
macro avg,0.830012077294686,0.8298792756539235,0.8297786720321931,141.0
weighted avg,0.8300870250453969,0.8297872340425532,0.8297701100218331,141.0
