class,precision,recall,f1-score,support
0,0.8666666666666667,0.9154929577464789,0.8904109589041096,71.0
1,0.9104477611940298,0.8591549295774648,0.8840579710144928,71.0
accuracy,0.8873239436619719,0.8873239436619719,0.8873239436619719,0.8873239436619719
macro avg,0.8885572139303483,0.8873239436619718,0.8872344649593011,142.0
weighted avg,0.8885572139303483,0.8873239436619719,0.8872344649593012,142.0
