class,precision,recall,f1-score,support
0,0.8846153846153846,0.971830985915493,0.9261744966442953,71.0
1,0.96875,0.8732394366197183,0.9185185185185185,71.0
accuracy,0.9225352112676056,0.9225352112676056,0.9225352112676056,0.9225352112676056
macro avg,0.9266826923076923,0.9225352112676056,0.9223465075814069,142.0
weighted avg,0.9266826923076924,0.9225352112676056,0.922346507581407,142.0
