class,precision,recall,f1-score,support
0,0.8625,0.971830985915493,0.9139072847682119,71.0
1,0.967741935483871,0.8450704225352113,0.9022556390977443,71.0
accuracy,0.9084507042253521,0.9084507042253521,0.9084507042253521,0.9084507042253521
macro avg,0.9151209677419355,0.9084507042253521,0.9080814619329781,142.0
weighted avg,0.9151209677419356,0.9084507042253521,0.9080814619329782,142.0
