class,precision,recall,f1-score,support
0,0.9027777777777778,0.9154929577464789,0.9090909090909091,71.0
1,0.9130434782608695,0.9,0.9064748201438849,70.0
accuracy,0.9078014184397163,0.9078014184397163,0.9078014184397163,0.9078014184397163
macro avg,0.9079106280193237,0.9077464788732394,0.907782864617397,141.0
weighted avg,0.9078742248261213,0.9078014184397163,0.9077921415285566,141.0
