class,precision,recall,f1-score,support
0,0.7840909090909091,0.971830985915493,0.8679245283018868,71.0
1,0.9629629629629629,0.7323943661971831,0.832,71.0
accuracy,0.852112676056338,0.852112676056338,0.852112676056338,0.852112676056338
macro avg,0.873526936026936,0.852112676056338,0.8499622641509434,142.0
weighted avg,0.873526936026936,0.852112676056338,0.8499622641509433,142.0
