class,precision,recall,f1-score,support
0,0.8333333333333334,0.9154929577464789,0.87248322147651,71.0
1,0.90625,0.8169014084507042,0.8592592592592593,71.0
accuracy,0.8661971830985915,0.8661971830985915,0.8661971830985915,0.8661971830985915
macro avg,0.8697916666666667,0.8661971830985915,0.8658712403678847,142.0
weighted avg,0.8697916666666667,0.8661971830985915,0.8658712403678847,142.0
