class,precision,recall,f1-score,support
0,0.8243243243243243,0.8591549295774648,0.8413793103448276,71.0
1,0.8507462686567164,0.8142857142857143,0.8321167883211679,70.0
accuracy,0.8368794326241135,0.8368794326241135,0.8368794326241135,0.8368794326241135
macro avg,0.8375352964905204,0.8367203219315895,0.8367480493329977,141.0
weighted avg,0.8374416016524623,0.8368794326241135,0.8367808951557767,141.0
