class,precision,recall,f1-score,support
0,0.927536231884058,0.9014084507042254,0.9142857142857143,71.0
1,0.9027777777777778,0.9285714285714286,0.9154929577464789,70.0
accuracy,0.9148936170212766,0.9148936170212766,0.9148936170212766,0.9148936170212766
macro avg,0.9151570048309179,0.9149899396378269,0.9148893360160966,141.0
weighted avg,0.915244800767465,0.9148936170212766,0.9148850550109164,141.0
