class,precision,recall,f1-score,support
0,0.8518518518518519,0.971830985915493,0.9078947368421053,71.0
1,0.9672131147540983,0.8309859154929577,0.8939393939393939,71.0
accuracy,0.9014084507042254,0.9014084507042254,0.9014084507042254,0.9014084507042254
macro avg,0.9095324833029751,0.9014084507042254,0.9009170653907497,142.0
weighted avg,0.9095324833029751,0.9014084507042254,0.9009170653907497,142.0
